Ibrahimovic,814114148417816,40 R. Tacyan Menezes de Lucena Martinópolis, São Paulo,,Martinópolis,São Paulo,,19500-000,21. 312. 2132/0001-97.,32423321312321312,+55 011 921367289,,,
Ibrahimovic,814114148417816,40 R. Tacyan Menezes de Lucena Martinópolis, São Paulo,,Martinópolis,São Paulo,,19500-000,21. 312. 2132/0001-97.,32423321312321312,+55 011 921367289,,,
Ibrahimovic,814114148417816,40 R. Tacyan Menezes de Lucena Martinópolis, São Paulo,,Martinópolis,São Paulo,,19500-000,21. 312. 2132/0001-97.,32423321312321312,+55 011 921367289,,,
Ibrahimovic,814114148417816,40 R. Tacyan Menezes de Lucena Martinópolis, São Paulo,,Martinópolis,São Paulo,,19500-000,21. 312. 2132/0001-97.,32423321312321312,+55 011 921367289,1852412753275,,
Ibrahimovic,814114148417816,40 R. Tacyan Menezes de Lucena Martinópolis, São Paulo,Martinópolis,Martinópolis,São Paulo,APT. 14,19500-000,21. 312. 2132/0001-97.,32423321312321312,+55 011 921367289,1852412753275,asjbndpsaibd0wolen@sdasd.com,ENTREGA RAPIDO POUHAN
Ibrahimovic,814114148417816,40 R. Tacyan Menezes de Lucena Martinópolis, São Paulo,Martinópolis,Martinópolis,São Paulo,APT. 14,19500-000,21. 312. 2132/0001-97.,32423321312321312,,1852412753275,asjbndpsaibd0wolen@sdasd.com,ENTREGA RAPIDO POUHAN
Ibrahimovic,814114148417816,40 R. Tacyan Menezes de Lucena Martinópolis, São Paulo,Martinópolis,Martinópolis,São Paulo,APT. 14,19500-000,21. 312. 2132/0001-97.,32423321312321312,+55 011 921367289,1852412753275,asjbndpsaibd0wolen@sdasd.com,ENTREGA RAPIDO POUHAN
Clona Cartões Ltda.,54974912472,Rua General Canabarro - Maracanã, Rio de Janeiro - RJ,Maracanã,Rio de janeiro,Rio de janeiro,APT. 19,19500-000,21. 312. 2132/0001-97.,87166383838382948,+55 021 958764873,51694./,snmddnnovmvp@sdasd.com,da 10 ai professor
Clona Cartões Ltda.,54974912472,Rua General Canabarro - Maracanã, Rio de Janeiro - RJ,Maracanã,Rio de janeiro,Rio de janeiro,APT. 19,19500-000,21. 312. 2132/0001-97.,87166383838382948,+55 021 958764873,51694./,snmddnnovmvp@sdasd.com,da 10 ai professor
Clona Cartões Ltda.,54974912472,Rua General Canabarro - Maracanã, Rio de Janeiro - RJ,Maracanã,Rio de janeiro,Rio de janeiro,APT. 19,19500-000,21. 312. 2132/0001-97.,87166383838382948,+55 021 958764873,51694./,snmddnnovmvp@sdasd.com,da 10 ai professor
Oi,eu,professor,senhor,poderia ,aceitar,o ,essa,questão ,como,tendo,alcançado ,nota,máxima ?
